,True Values,Predicted Values,Loss Evaluation
0,42312.703,41176.69,0.0004618605016730726
1,42205.97,40894.71,
2,42166.67,40195.035,
3,42147.07,40753.08,
4,42134.082,40737.844,
5,42103.3,40095.258,
6,42146.508,40823.797,
7,42118.57,40821.863,
8,42059.582,40135.715,
9,42089.71,40725.43,
10,42116.62,41121.176,
11,42042.85,40730.01,
12,41901.93,39924.926,
13,41770.04,39844.145,
14,41876.91,40510.164,
15,42016.37,41187.883,
16,41933.89,40689.03,
17,41947.152,40602.54,
18,41982.43,41089.453,
19,42166.46,41441.586,
20,42073.383,40879.22,
21,42108.88,40601.56,
22,42030.34,40823.848,
23,42181.3,41310.695,
24,42248.402,41548.883,
25,42187.36,40965.703,
26,42194.83,40910.55,
27,42202.85,41246.42,
28,42229.797,41037.1,
29,42153.41,40436.027,
30,42201.88,40972.63,
31,42120.16,40892.74,
32,42087.87,40300.125,
33,42083.39,40775.906,
34,42089.6,40843.605,
35,42053.43,40772.99,
36,42094.63,41123.574,
37,42009.863,40752.67,
38,41937.18,40067.953,
39,41862.47,39921.27,
40,41828.02,39894.223,
41,41916.94,40688.85,
42,41971.95,40787.113,
43,41910.34,40372.168,
44,41777.723,40007.03,
45,41867.61,40626.586,
46,41969.64,41262.457,
47,41852.87,40733.42,
48,41890.848,40424.727,
49,41774.43,40713.79,
50,42011.52,41245.92,
51,42091.47,41539.715,
52,42178.332,41116.734,
53,42120.688,40966.04,
54,42166.54,41352.64,
55,42331.96,41726.85,
56,42281.85,41161.13,
57,42296.39,41212.27,
58,42453.887,41940.508,
59,42589.84,42189.09,
60,42613.797,42149.848,
61,42747.59,42253.234,
62,42735.24,41624.594,
63,42652.277,41412.617,
64,42778.203,41996.184,
65,42799.77,42123.75,
66,42731.17,41432.04,
67,42798.11,41539.473,
68,42850.57,42158.758,
69,42873.05,41707.598,
70,42890.19,41756.566,
71,42856.51,41583.797,
72,42849.84,41611.31,
73,42893.05,42071.656,
74,42918.49,42202.727,
75,43023.45,42416.14,
76,42886.01,41619.24,
77,42783.367,40842.863,
78,42732.54,40742.99,
79,42666.0,40653.9,
80,42720.16,41015.645,
81,42677.41,40888.72,
82,42682.82,41233.215,
83,42637.57,41226.637,
84,42578.02,40471.11,
85,42589.29,41161.152,
86,42635.94,41165.97,
87,42602.68,41187.625,
88,42598.07,41375.152,
89,42632.05,41596.004,
90,42748.2,41916.652,
91,42767.83,41973.812,
92,42813.55,41467.293,
93,42734.43,40955.684,
94,42778.92,41324.855,
95,42799.5,41778.27,
96,42800.06,41753.637,
97,42776.72,41376.49,
98,42787.64,41326.168,
99,42836.18,41424.81,
100,42881.152,42068.06,
101,42937.934,42136.996,
102,42877.227,41484.027,
103,42861.74,41470.758,
104,42979.473,42061.0,
105,42972.777,42030.95,
106,43035.83,42142.395,
107,42935.59,41558.055,
108,42889.48,41409.96,
109,42954.973,41909.246,
110,43084.7,42238.082,
111,43030.062,41691.004,
112,43027.77,41323.45,
113,42995.43,41612.465,
114,43083.78,42113.64,
115,43099.9,42187.61,
116,43077.88,41684.13,
117,43034.78,41125.445,
118,43009.27,41028.18,
119,43108.73,41625.18,
120,42994.953,41601.47,
121,42984.94,41479.84,
122,42977.73,41769.574,
123,43007.57,41603.746,
124,42929.34,40965.62,
125,42914.52,40848.484,
126,42904.56,41416.215,
127,42988.81,41995.43,
128,43102.258,42302.35,
129,42903.24,41530.402,
130,42910.742,40994.086,
131,42822.688,40855.758,
132,42857.27,41532.695,
133,43050.89,42199.59,
134,43097.168,42317.914,
135,43060.5,42034.27,
136,43223.8,42567.16,
137,43290.11,42308.938,
138,42876.87,41023.168,
139,42778.113,40675.285,
140,42615.348,40565.914,
141,42615.414,40567.78,
142,42529.438,40491.254,
143,42578.33,41265.53,
144,42463.973,41112.03,
145,42397.84,40299.496,
146,42329.37,41018.81,
147,42563.65,41589.93,
148,42656.55,41401.688,
149,42521.438,40856.773,
150,42610.03,41052.766,
151,42414.3,40632.914,
152,42570.66,41195.297,
153,42481.14,41937.38,
154,42440.082,41528.12,
155,42805.99,42315.848,
156,43102.02,42796.676,
157,43175.79,42596.758,
158,43091.98,41705.277,
159,43127.062,41833.45,
160,43270.68,42513.664,
161,43185.2,41931.02,
162,42995.547,41053.223,
163,43021.33,41176.996,
164,42975.887,41073.97,
165,42924.992,40876.26,
166,42908.93,40814.46,
167,42820.86,40669.48,
168,42893.332,41497.223,
169,42861.84,41468.77,
170,42785.72,40722.62,
171,42785.2,40762.215,
172,42770.92,41024.484,
173,42892.113,41890.223,
174,42971.91,42107.87,
175,42965.63,41624.035,
176,42914.05,41035.387,
177,42825.74,40708.41,
178,42820.9,40705.68,
179,42832.86,41336.87,
180,42920.32,41921.523,
181,42950.14,42028.035,
182,43027.52,42235.035,
183,42879.832,41528.734,
184,42821.17,40747.684,
185,42768.57,40638.977,
186,42796.94,41300.56,
187,42755.4,41261.926,
188,42724.79,40590.047,
189,42785.59,41277.57,
190,42755.67,41515.617,
191,42759.5,41215.67,
192,42730.492,40677.844,
193,42696.35,40523.227,
194,42712.86,41230.223,
195,42761.47,41689.8,
196,42784.41,41405.68,
197,42736.97,40861.082,
198,42808.0,41336.63,
199,42853.22,41877.598,
200,42863.95,41440.85,
201,42815.01,40968.766,
202,42808.14,40916.598,
203,42834.992,41408.53,
204,42808.37,41397.465,
205,42686.32,40598.26,
206,42797.082,41423.844,
207,42941.1,42088.1,
208,42885.54,41533.1,
209,42884.37,41460.168,
210,43015.28,42173.906,
211,43010.34,42144.082,
212,42987.68,41893.777,
213,43011.98,42070.527,
214,43240.348,42747.797,
215,43367.87,42499.44,
216,42998.44,41402.12,
217,42763.87,40666.062,
218,42820.957,41449.36,
219,42884.402,41885.957,
220,42890.29,41868.297,
221,42823.992,41434.426,
222,42661.54,40590.688,
223,42607.562,41220.098,
224,42758.96,41760.99,
225,42755.16,41699.594,
226,42423.62,40492.06,
227,42387.652,40444.8,
228,42126.5,39978.426,
229,42088.73,39776.992,
230,42015.03,40607.906,
231,42174.83,41013.77,
232,42110.36,40707.973,
233,42045.48,39965.176,
234,42052.707,40573.94,
235,41929.402,40412.99,
236,41859.863,39650.496,
237,41748.51,39615.742,
238,42029.91,40683.355,
239,42159.8,41613.11,
240,41913.64,40638.434,
241,41880.71,39965.33,
242,41740.297,39763.88,
243,41779.66,40169.734,
244,41412.3,39384.86,
245,41361.78,39123.133,
246,41350.85,39266.793,
247,41359.61,40087.83,
248,41442.19,40407.008,
249,41429.4,40071.332,
250,41353.3,39415.023,
251,41314.45,39340.816,
252,41193.754,39120.215,
253,41173.902,39706.68,
254,41195.23,39855.195,
255,41075.39,39114.137,
256,40969.723,38940.496,
257,41046.453,39680.164,
258,41113.88,40210.1,
259,41133.74,40208.254,
260,41113.0,39773.438,
261,41110.83,39863.406,
262,41123.5,40174.094,
263,41220.09,40479.117,
264,41187.348,39997.656,
265,41149.61,39534.22,
266,41142.19,39896.414,
267,41129.492,40052.13,
268,41244.227,40493.15,
269,41198.36,40043.258,
270,41194.46,39691.71,
271,41158.812,39521.246,
272,41094.73,39295.227,
273,41123.67,39943.703,
274,41172.9,40408.902,
275,41071.992,39975.832,
276,40853.66,39080.01,
277,40923.0,39744.668,
278,40986.777,40223.94,
279,41019.062,40246.336,
280,41007.24,39848.92,
281,40928.34,39293.535,
282,40934.22,39348.402,
283,40840.52,39120.586,
284,40891.59,39808.125,
285,40864.242,39799.07,
286,40815.402,39206.652,
287,40725.137,39586.375,
288,40815.22,40017.574,
289,40888.54,40267.99,
290,40861.66,39828.82,
291,40925.12,39933.344,
292,40990.57,40441.68,
293,41024.44,40070.84,
294,40852.77,39556.64,
295,40937.9,39918.598,
296,41004.48,40480.152,
297,41130.43,40709.29,
298,40991.668,40194.81,
299,41323.77,40352.94,
300,41388.023,41147.11,
301,41451.91,40618.46,
302,41340.52,40109.234,
303,41381.35,40383.656,
304,41477.39,41019.867,
305,41501.12,41073.72,
306,41465.742,40506.25,
307,41296.94,39713.625,
308,41224.5,39512.414,
309,41192.863,39495.324,
310,41168.84,39472.777,
311,41176.418,39631.016,
312,41088.09,39423.402,
313,41190.96,40113.73,
314,41255.24,40693.465,
315,41320.86,40817.56,
316,41196.48,40154.688,
317,41102.02,39519.734,
318,41138.32,39711.04,
319,41128.91,40077.695,
320,41113.16,40034.516,
321,41139.414,39893.617,
322,41012.7,39461.45,
323,41239.566,40220.816,
324,41279.35,40793.88,
325,41209.11,40169.59,
326,41359.31,40522.42,
327,41094.97,40229.406,
328,40662.95,39072.03,
329,40870.56,39799.64,
330,40855.277,40390.113,
331,41145.56,40721.06,
332,41299.1,41001.87,
333,41275.53,40324.965,
334,41236.16,40066.52,
335,41191.652,40307.41,
336,41329.24,40872.188,
337,41355.58,40607.73,
338,41230.64,39941.5,
339,41431.22,40530.418,
340,41465.223,41271.305,
341,41608.78,41358.08,
342,41720.53,41491.617,
343,41696.13,41249.1,
344,41794.74,41458.008,
345,41901.95,41794.45,
346,41848.65,41039.652,
347,41885.02,40958.62,
348,41839.18,40822.152,
349,41854.51,40582.58,
350,41780.93,40184.66,
351,41680.23,39903.44,
352,41573.723,39756.4,
353,41634.793,40537.824,
354,41782.4,41200.39,
355,41738.09,40646.79,
356,41803.16,40690.305,
357,41774.062,40647.477,
358,41762.35,40579.59,
359,41814.89,41064.938,
360,41797.59,41073.32,
361,41848.04,40956.324,
362,41920.273,40972.875,
363,41863.32,41018.477,
364,42027.66,41409.02,
365,41905.1,40815.58,
366,41804.477,40087.56,
367,41828.97,40646.9,
368,41907.74,41217.33,
369,41873.97,40765.73,
370,41797.47,40069.926,
371,41764.51,39970.55,
372,41680.168,39789.207,
373,41528.223,39577.047,
374,41402.562,39421.953,
375,41484.39,40203.89,
376,41549.848,40679.105,
377,41559.184,40664.75,
378,41626.95,40818.746,
379,41521.5,40281.188,
380,41372.633,39518.63,
381,41498.88,40246.266,
382,41647.89,40972.266,
383,41697.14,41017.305,
384,41720.688,40997.08,
385,41750.62,41080.05,
386,41858.27,41263.387,
387,41855.75,40765.785,
388,41850.0,40709.19,
389,41898.59,41260.86,
390,41870.15,40693.574,
391,41756.48,39945.7,
392,41660.2,39750.94,
393,41576.387,39674.77,
394,41710.047,40623.55,
395,41841.242,41237.715,
396,41691.03,40582.527,
397,41565.91,39862.047,
398,41616.047,40240.723,
399,41175.38,39428.668,
400,41229.613,39850.273,
401,41272.027,40352.004,
402,41176.863,39970.18,
403,41178.43,39950.39,
404,41271.45,40426.715,
405,41284.2,40112.51,
406,41230.297,39653.523,
407,41130.09,39334.953,
408,41166.68,39661.926,
409,41106.723,39475.8,
410,41133.07,40078.164,
411,41061.69,39999.29,
412,40805.28,39119.176,
413,40652.133,38808.56,
414,40671.65,39625.523,
415,40622.973,39680.06,
416,40736.387,40041.645,
417,40480.29,39801.246,
418,40528.46,39745.77,
419,40808.902,40487.473,
420,41007.848,40772.45,
421,40770.82,40011.887,
422,40645.25,39856.9,
423,40982.82,40896.215,
424,41312.43,41470.69,
425,41506.74,41449.11,
426,41602.918,41369.938,
427,41657.332,41410.15,
428,41775.57,41597.098,
429,41756.95,41039.906,
430,41719.613,40834.375,
431,41562.64,40746.562,
432,41775.414,41413.984,
433,41805.4,41540.11,
434,41873.49,41611.977,
435,41942.508,41290.75,
436,41817.77,40677.52,
437,41910.07,40976.95,
438,41854.04,40763.57,
439,41949.223,41061.43,
440,41988.973,41654.477,
441,42071.66,41804.5,
442,42130.67,41832.906,
443,42230.01,41938.105,
444,42207.273,41225.734,
445,42205.5,41167.34,
446,42262.562,41831.656,
447,42359.977,42030.88,
448,42345.49,41769.227,
449,42315.293,41130.832,
450,42277.88,41130.8,
451,42434.703,41890.355,
452,42382.56,41352.105,
453,42359.0,40832.18,
454,42351.918,41137.23,
455,42432.008,41798.37,
456,42381.23,41261.918,
457,42365.05,41128.52,
458,42317.57,40971.72,
459,42285.133,40332.312,
460,42233.85,40237.152,
461,42165.84,40119.85,
462,42106.32,40105.555,
463,42035.758,40557.41,
464,42116.67,41144.676,
465,42094.11,41104.68,
466,42169.46,41306.414,
467,42242.23,41025.234,
468,42121.54,40444.73,
469,41914.23,39985.434,
470,41915.04,40599.03,
471,41909.58,40821.145,
472,42045.1,40915.22,
473,41861.547,40215.504,
474,41959.1,40678.77,
475,42192.93,41506.336,
476,42177.13,40959.55,
477,42103.65,40504.645,
478,42184.54,40904.066,
479,42183.28,41344.02,
480,42317.3,41679.04,
481,42410.18,41965.8,
482,42317.1,41150.242,
483,42211.75,40469.465,
484,41959.48,40141.562,
485,42005.46,40911.895,
486,42231.46,42095.1,
487,41731.11,42288.652,
488,43217.7,42830.188,
489,43266.383,44216.4,
490,43319.973,43016.887,
491,43398.312,43222.812,
492,43633.58,43529.996,
493,43692.16,43651.48,
494,43733.5,43587.387,
495,43746.34,43599.266,
496,43793.68,43647.094,
497,43738.76,42508.32,
498,43680.18,41966.332,
499,43697.887,42360.1,
500,43780.01,43297.566,
501,43838.723,43473.9,
502,43884.43,43495.293,
503,43871.45,42640.863,
504,43803.16,41895.992,
505,43796.4,42326.902,
506,43857.12,43085.473,
507,43987.18,43466.773,
508,43960.11,42708.715,
509,43932.61,42178.51,
510,43839.258,41662.883,
511,43832.652,41588.793,
512,43798.23,41510.0,
513,43782.9,41875.7,
514,43806.113,42609.52,
515,43827.28,42707.664,
516,43832.934,42735.027,
517,43861.56,42875.78,
518,43884.98,42502.85,
519,43832.01,41642.58,
520,43818.7,41510.727,
521,43769.332,41328.23,
522,43770.453,42009.586,
523,43828.58,42609.918,
524,43828.49,42156.3,
525,43800.41,42111.152,
526,43854.62,42606.62,
527,43893.08,42769.04,
528,43905.32,42781.87,
529,43950.18,42875.375,
530,43912.88,42211.68,
531,43882.168,41568.434,
532,43831.83,41360.95,
533,43829.09,41339.74,
534,43813.363,41843.875,
535,43847.18,42474.16,
536,43835.523,42417.242,
537,43863.95,42071.055,
538,43787.598,41398.344,
539,43817.99,42027.98,
540,43885.26,42621.566,
541,43793.16,42111.586,
542,43779.41,41962.047,
543,43753.094,41879.605,
544,43744.17,41236.977,
545,43714.637,41138.996,
546,43755.2,41939.89,
547,43756.25,41936.79,
548,43708.92,41259.45,
549,43642.59,41062.13,
550,43699.9,41869.234,
551,43639.48,41825.195,
552,43610.0,41719.094,
553,43648.363,42187.27,
554,43723.43,42482.42,
555,43792.83,42634.043,
556,43777.32,41984.8,
557,43793.49,42073.047,
558,43883.242,42768.72,
559,43928.7,42889.426,
560,43967.59,42384.594,
561,43892.9,41723.89,
562,43889.74,42084.38,
563,43915.793,42536.562,
564,43906.88,42476.32,
565,43906.73,42130.125,
566,43905.41,41739.973,
567,43889.65,41392.016,
568,43892.84,42224.113,
569,43921.65,42656.17,
570,43917.418,42550.13,
571,43926.84,42633.594,
572,43947.023,42759.277,
573,43958.117,42239.637,
574,43894.01,41460.05,
575,43827.14,41245.754,
576,43849.387,42050.805,
577,43823.1,42004.79,
578,43790.742,41257.203,
579,43764.227,41171.816,
580,43753.72,41880.688,
581,43779.92,41965.7,
582,43735.41,41297.336,
583,43755.12,41949.38,
584,43796.22,42444.867,
585,43809.207,42508.504,
586,43845.0,42104.035,
587,43737.457,41329.918,
588,43777.55,41948.12,
589,43755.16,42009.777,
590,43755.0,41998.86,
591,43736.44,41869.137,
592,43723.25,41222.12,
593,43700.84,41255.203,
594,43819.062,42053.63,
595,43835.293,42689.832,
596,43905.367,42813.562,
597,44033.8,42996.285,
598,44015.4,42342.965,
599,44040.28,42208.008,
600,43985.117,41776.844,
601,44011.02,42289.348,
602,43984.582,42253.51,
603,43887.793,41378.41,
604,43997.72,42197.258,
605,43992.21,42247.12,
606,43890.152,41487.12,
607,43913.87,42063.58,
608,43944.97,42562.56,
609,43969.95,42659.29,
610,43969.844,42260.48,
611,43994.56,42259.742,
612,43980.887,42179.88,
613,43978.758,41800.63,
614,43945.293,41414.137,
615,43899.94,41276.566,
616,43910.34,42114.81,
617,43956.91,42637.133,
618,43971.863,42229.59,
619,43910.117,41542.9,
620,44027.434,42307.375,
621,44072.082,42894.51,
622,44014.87,42272.375,
623,44056.39,42276.168,
624,44060.49,42329.52,
625,43977.06,41531.793,
626,43942.43,41384.477,
627,43919.73,41362.504,
628,43955.23,41856.098,
629,43890.96,42161.3,
630,44062.08,42806.684,
631,44110.16,42981.004,
632,44015.91,42232.246,
633,43977.82,41583.254,
634,43916.61,41398.754,
635,43927.973,41539.152,
636,43920.062,41501.465,
637,43804.4,41167.31,
638,43772.953,41100.727,
639,43832.57,41951.066,
640,43829.19,42022.277,
641,43802.938,41379.832,
642,43794.56,42068.227,
643,43850.0,42474.008,
644,43849.75,42066.81,
645,43868.55,42017.68,
646,43848.38,42310.613,
647,43900.86,42541.297,
648,43857.3,42076.586,
649,43844.867,42063.38,
650,43946.71,42650.32,
651,43876.81,42129.45,
652,43850.96,42030.445,
653,43787.79,42275.914,
654,44132.96,43050.625,
655,44121.41,42552.6,
656,44194.46,42469.184,
657,44141.473,42369.406,
658,44176.434,42342.305,
659,44232.63,43034.65,
660,44212.1,42464.3,
661,44234.14,42502.402,
662,44310.67,43210.188,
663,44317.344,42636.543,
664,44291.16,42192.45,
665,44316.71,42630.25,
666,44357.613,42698.656,
667,44253.594,41864.62,
668,44247.94,41765.75,
669,44224.703,41699.383,
670,44278.1,42507.98,
671,44203.88,42393.805,
672,44161.94,41584.383,
673,44203.03,42379.7,
674,44235.31,42856.95,
675,44208.2,42398.645,
676,44133.35,41523.816,
677,44150.75,42294.24,
678,44145.68,42240.305,
679,44167.44,42319.875,
680,44129.3,42317.477,
681,44107.98,41486.543,
682,44092.37,41419.64,
683,44063.703,42213.996,
684,44193.11,42869.227,
685,44185.72,42871.875,
686,44280.43,43027.59,
687,44226.32,42411.492,
688,44192.87,41778.293,
689,44153.97,41599.094,
690,44230.21,42439.58,
691,44298.91,43057.82,
692,44282.53,42937.414,
693,44387.24,43206.984,
694,44457.47,43404.78,
695,44506.367,43476.094,
696,44558.66,42997.336,
697,44544.78,42968.586,
698,44590.24,43629.043,
699,44395.59,42657.727,
700,44422.023,42292.527,
701,44244.45,41834.29,
702,44078.32,41390.125,
703,43986.72,41302.855,
704,43984.168,41353.55,
705,43935.0,41244.85,
706,43861.05,41087.8,
707,43853.03,41044.453,
708,43824.42,41033.29,
709,43790.5,40975.195,
710,43883.49,42094.27,
711,43900.75,42138.3,
712,43749.703,41103.707,
713,43718.08,40990.812,
714,43709.938,41012.51,
715,43694.992,41865.22,
716,43835.93,42528.43,
717,43873.56,42696.582,
718,43910.1,42691.895,
719,43909.56,42315.215,
720,43767.95,41227.39,
721,43961.598,42120.594,
722,43978.95,42317.055,
723,43879.01,41561.695,
724,43961.11,42312.63,
725,43935.02,42300.43,
726,43667.38,41060.152,
727,43614.344,40875.934,
728,43575.01,40927.906,
729,43606.66,42098.895,
730,43739.09,42434.47,
731,43697.46,41915.33,
732,43752.01,41934.35,
733,43767.95,41983.395,
734,43660.8,41208.234,
735,43547.617,40909.23,
736,43662.71,41827.23,
737,43660.93,41915.24,
738,43501.61,40950.13,
739,43450.98,40791.86,
740,43371.55,40708.383,
741,43281.902,40563.234,
742,43231.74,40527.223,
743,43216.043,40508.258,
744,43148.457,40448.562,
745,43217.7,41334.496,
746,43249.062,41837.957,
747,43226.68,41398.133,
748,43215.812,40820.645,
749,43255.57,41397.047,
750,43239.027,41383.887,
751,43205.32,40769.9,
752,43165.66,41017.69,
753,43268.5,41934.445,
754,43151.38,41506.336,
755,43349.258,41490.37,
756,43360.01,42171.797,
757,43370.47,42093.62,
758,43444.832,42308.152,
759,43497.203,42428.49,
760,43432.8,41724.836,
761,43418.797,41180.613,
762,43440.54,41763.1,
763,43471.29,42236.816,
764,43459.81,42119.79,
765,43505.96,42337.195,
766,43528.434,42462.227,
767,43504.188,41822.836,
768,43376.582,40904.406,
769,43435.64,41674.51,
770,43433.848,41710.547,
771,43417.14,41674.727,
772,43504.13,42329.887,
773,43520.0,42400.72,
774,43489.62,41771.98,
775,43481.723,41298.1,
776,43418.98,40943.43,
777,43421.92,41573.73,
778,43400.0,41560.24,
779,43332.35,40765.45,
780,43406.55,41663.387,
781,43333.74,41627.023,
782,43385.957,41643.73,
783,43363.48,41665.836,
784,43280.95,40857.582,
785,43299.18,41006.297,
786,43265.277,40855.79,
787,43220.867,40708.09,
788,43152.367,40588.695,
789,43259.957,41675.344,
790,43365.6,42293.816,
791,43428.742,42339.992,
792,43385.28,41645.64,
793,43335.707,41674.03,
794,43362.81,41684.816,
795,43315.36,41064.73,
796,43247.71,40914.96,
797,43144.77,40621.117,
798,43234.56,41568.523,
799,43322.133,42211.26,
800,43213.758,41599.12,
801,43077.08,40642.72,
802,43147.45,41516.223,
803,43245.67,42108.543,
804,43316.52,42257.266,
805,43309.582,42179.52,
806,43459.36,42469.277,
807,43433.21,41897.023,
808,43438.98,41680.246,
809,43349.44,41762.707,
810,43617.05,42691.324,
811,43636.348,42319.88,
812,43698.67,42224.76,
813,43662.902,42534.56,
814,43661.402,42086.91,
815,43629.71,42026.53,
816,43670.8,42576.035,
817,43831.79,43122.91,
818,43842.83,42611.207,
819,43561.38,41354.098,
820,43485.57,41043.707,
821,43384.52,40951.43,
822,43388.473,40938.223,
823,43319.684,40828.098,
824,43302.89,40744.957,
825,43243.57,41522.848,
826,43298.637,41921.465,
827,43326.223,42117.41,
828,43412.89,41923.008,
829,43263.6,40993.094,
830,43179.73,40729.465,
831,43068.57,40602.09,
832,43189.94,41396.613,
833,43202.24,41964.605,
834,43363.203,42261.598,
835,43234.64,41631.52,
836,43139.95,40718.79,
837,43235.46,41527.02,
838,43191.01,41554.56,
839,43162.38,41543.2,
840,43362.98,42380.227,
841,43358.33,41925.945,
842,43069.31,41068.133,
843,43431.332,41826.492,
844,43593.0,42917.44,
845,43728.848,42852.195,
846,43670.01,42556.117,
847,43766.438,42748.46,
848,43889.68,43038.33,
849,43943.438,43104.582,
850,43948.938,43045.816,
851,43944.52,42354.305,
852,43867.844,41552.195,
853,43929.93,42322.914,
854,43957.05,42880.918,
855,43962.39,42879.78,
856,44012.8,43061.695,
857,43985.49,42741.98,
858,44048.42,42954.75,
859,43990.24,42268.496,
860,43965.71,41616.97,
861,44018.914,42367.46,
862,44026.35,42368.547,
863,43959.223,41546.875,
864,43936.13,41923.008,
865,43949.383,42501.707,
866,43940.17,42446.055,
867,43940.812,42114.465,
868,43982.79,42245.254,
869,43979.16,42705.477,
870,43959.2,42133.875,
871,43941.508,41360.773,
872,43934.992,41317.688,
873,43903.55,41200.562,
874,43908.23,42015.062,
875,43922.58,42108.477,
876,43825.348,41155.7,
877,43890.0,42021.414,
878,43845.082,42033.01,
879,43748.92,41088.23,
880,43764.05,41820.977,
881,43788.3,41940.918,
882,43722.58,41150.57,
883,43677.67,41011.21,
884,43777.117,41926.47,
885,43805.98,42551.152,
886,43904.6,42729.656,
887,43922.44,42184.668,
888,43828.3,41419.113,
889,43732.53,41142.727,
890,43821.387,41996.77,
891,43813.48,42074.51,
892,43755.28,41999.918,
893,43979.79,42868.64,
894,43983.582,43029.27,
895,44070.18,42995.812,
896,43983.17,42280.395,
897,44081.47,42368.258,
898,43970.348,42242.81,
899,43975.99,41659.47,
900,43937.688,41523.773,
901,43979.91,42297.824,
902,43914.652,42160.168,
903,43882.77,41888.04,
904,43958.11,42674.34,
905,44111.23,43056.387,
906,44010.938,42288.426,
907,44079.37,42103.727,
908,43850.33,41427.777,
909,43990.32,42162.184,
910,43998.312,42329.695,
911,43757.67,41232.51,
912,43785.07,41977.03,
913,43837.684,42524.035,
914,43920.81,42783.45,
915,44075.4,43066.23,
916,44048.6,42867.32,
917,44224.57,43264.914,
918,44228.08,43309.59,
919,44121.71,42381.656,
920,44100.223,41734.133,
921,44057.418,41565.098,
922,44017.066,41472.418,
923,44030.92,42111.797,
924,44033.99,42617.215,
925,44155.94,42546.293,
926,43925.492,41585.566,
927,44015.582,42230.492,
928,43838.723,42118.316,
929,43634.418,41065.44,
930,43701.12,41965.79,
931,43777.02,42571.297,
932,44106.31,43195.15,
933,44222.93,43375.97,
934,44241.527,42703.63,
935,44046.24,41772.68,
936,43867.2,41288.492,
937,43843.598,41224.664,
938,43777.19,41159.523,
939,43704.26,41031.324,
940,43817.72,42020.242,
941,43789.81,42045.027,
942,43803.87,41908.51,
943,43814.84,41956.83,
944,43684.24,41048.605,
945,43644.77,40934.82,
946,43597.42,40897.145,
947,43565.48,41671.707,
948,43675.72,42277.95,
949,43693.31,41893.49,
950,43566.0,41067.434,
951,43593.47,41749.28,
952,43679.332,42332.45,
953,43599.434,42092.008,
954,43725.004,42386.504,
955,43755.92,42536.773,
956,43734.46,41958.207,
957,43624.668,41159.453,
958,43767.098,41995.598,
959,43839.48,42668.902,
960,43746.82,42003.91,
961,43704.33,41317.84,
962,43787.723,41970.59,
963,43864.363,42689.598,
964,43915.81,42258.926,
965,43812.406,41622.52,
966,43698.91,41823.48,
967,43800.91,42442.242,
968,43883.5,42739.99,
969,43865.27,42646.46,
970,43966.883,42893.598,
971,44118.75,43212.375,
972,44154.45,42711.082,
973,44002.438,41813.887,
974,43946.46,42164.137,
975,43994.21,42682.637,
976,44084.39,42968.02,
977,44143.832,42590.8,
978,44051.05,41942.418,
979,43941.89,42256.2,
980,44308.8,43329.117,
981,44224.06,42813.14,
982,44419.55,43744.445,
983,44184.88,42848.0,
984,43901.797,41597.387,
985,43921.508,41571.8,
986,43809.46,41370.816,
987,43791.76,41259.617,
988,43775.65,41259.137,
989,43686.49,41087.844,
990,43490.324,40857.03,
991,43680.973,41967.586,
992,43807.992,42706.695,
993,43694.21,42341.656,
994,43938.59,42726.14,
995,43804.57,42227.945,
996,43711.066,42096.36,
997,43882.754,42812.227,
998,43622.07,42072.016,
999,43654.57,41524.746,
1000,43372.777,41022.613,
1001,43307.742,41848.336,
1002,43737.62,43468.79,
1003,43187.18,42184.523,
1004,42718.89,40099.0,
1005,42709.57,40307.14,
1006,42413.62,39831.79,
1007,42308.027,39488.7,
1008,42271.082,40560.797,
1009,42406.457,41087.297,
1010,42207.32,40452.36,
1011,42156.273,39448.51,
1012,42201.113,39776.055,
1013,42162.402,39765.33,
1014,42116.37,39459.605,
1015,41868.96,39033.723,
1016,41831.438,38963.03,
1017,41948.793,40182.25,
1018,41869.11,40360.805,
1019,41994.88,40665.953,
1020,41872.8,40229.086,
1021,41807.11,39260.52,
1022,41813.367,39398.234,
1023,41799.99,39387.496,
1024,41727.2,39168.625,
1025,41635.78,39032.816,
1026,41685.48,39999.81,
1027,41693.64,40066.684,
1028,41614.867,39247.965,
1029,41668.227,40053.227,
1030,41738.52,40664.973,
1031,41724.16,40241.56,
1032,41705.23,39670.082,
1033,41667.61,39429.016,
1034,41671.402,39542.0,
1035,41667.09,39514.32,
1036,41617.22,39334.117,
1037,41469.02,39119.176,
1038,41527.25,39958.88,
1039,41620.723,40638.84,
1040,41527.8,40085.164,
1041,41425.043,39296.89,
1042,41542.91,40190.164,
1043,41603.594,40790.38,
1044,41718.9,40928.61,
1045,41709.72,40892.305,
1046,41822.4,41120.184,
1047,41911.19,41269.258,
1048,41911.91,40687.383,
1049,41882.46,40274.12,
1050,41886.543,40293.19,
1051,41844.434,39885.277,
1052,41780.94,39638.31,
1053,41786.027,39753.402,
1054,41746.31,39637.23,
1055,41761.17,40367.59,
1056,41834.1,41030.832,
1057,41755.14,40404.01,
1058,41786.83,40376.04,
1059,41754.508,40376.395,
1060,41737.27,39806.3,
1061,41762.383,40369.98,
1062,41738.31,40353.594,
1063,41686.84,40272.008,
1064,41802.37,40934.38,
1065,41737.3,40436.27,
1066,41709.09,40376.105,
1067,41796.07,41023.32,
1068,41917.008,41276.39,
1069,41840.938,40537.85,
1070,41827.543,40134.66,
1071,41818.91,40948.23,
1072,41987.242,41366.535,
1073,41866.742,40614.137,
1074,41801.59,39942.58,
1075,41884.21,40635.11,
1076,41953.96,41280.965,
1077,42080.508,41635.668,
1078,42291.24,42035.57,
1079,42289.133,41469.266,
1080,42036.99,40208.99,
1081,41842.832,39720.266,
1082,41800.0,39668.18,
1083,41728.027,39585.023,
1084,41756.94,40553.656,
1085,41870.75,41122.53,
1086,41910.86,40775.656,
1087,41800.477,40548.273,
1088,41994.12,41217.336,
1089,41870.48,40637.773,
1090,41878.63,40513.746,
1091,41822.28,40449.46,
1092,41735.71,39628.324,
1093,41720.703,39565.027,
1094,41672.41,39498.76,
1095,41540.332,39307.598,
1096,41612.36,40177.51,
1097,41654.363,40742.227,
1098,41695.188,40403.27,
1099,41610.184,39764.973,
1100,41631.12,39879.652,
1101,41443.39,39341.113,
1102,41442.84,39304.777,
1103,41341.03,39222.426,
1104,41265.63,39814.73,
1105,41443.44,40751.34,
1106,41435.723,40745.62,
1107,41562.32,40934.04,
1108,41654.0,41066.957,
1109,41626.16,40426.152,
1110,41522.22,40104.645,
1111,41591.72,40689.89,
1112,41749.758,41247.75,
1113,41879.848,41417.555,
1114,41826.94,40649.62,
1115,41791.363,40127.56,
1116,41810.39,40250.9,
1117,41667.16,39676.25,
1118,41773.566,40552.418,
1119,41512.668,40174.35,
1120,41600.0,40227.277,
1121,41598.83,40703.305,
1122,41562.887,40286.637,
1123,41511.05,40435.625,
1124,41980.48,41790.074,
1125,41883.23,41065.863,
1126,41795.41,40095.38,
1127,41621.63,39609.14,
1128,41557.53,39525.91,
1129,41690.707,40275.97,
1130,41653.34,40355.555,
1131,41663.203,40388.543,
1132,41695.39,40462.59,
1133,41619.75,39698.027,
1134,41573.53,39476.082,
1135,41443.617,39241.43,
1136,41454.742,39326.727,
1137,41334.61,39187.25,
1138,41527.94,40204.28,
1139,41442.066,40157.13,
1140,41388.402,39459.34,
1141,41482.387,40277.047,
1142,41682.668,41246.92,
1143,41410.777,40291.664,
1144,41495.004,40071.086,
1145,41413.97,40161.066,
1146,41268.332,39392.992,
1147,41192.797,39289.63,
1148,40916.16,38774.156,
1149,40859.457,38563.71,
1150,40724.543,38480.043,
1151,40793.117,39350.66,
1152,40725.74,39323.35,
1153,40762.02,39394.7,
1154,40894.53,40150.05,
1155,40786.03,39494.023,
1156,40697.477,38629.53,
1157,40665.297,38574.562,
1158,40607.79,38493.516,
1159,40597.168,39152.22,
1160,40610.81,39687.965,
1161,40731.15,39791.902,
1162,40655.83,39423.344,
1163,40245.75,38183.207,
1164,40222.13,38039.113,
1165,40106.37,38021.445,
1166,40085.78,37956.223,
1167,40128.39,38431.95,
1168,39984.812,38028.32,
1169,39983.84,37971.793,
1170,39866.93,38651.195,
1171,40120.15,39552.88,
1172,40072.63,39130.44,
1173,39942.37,38526.496,
1174,39910.44,38185.504,
1175,39816.934,37860.395,
1176,39728.598,37678.48,
1177,39689.64,37602.336,
1178,39633.438,37549.156,
1179,39627.613,37536.29,
1180,39584.68,37510.938,
1181,39576.242,38184.09,
1182,39620.496,38850.297,
1183,39648.8,39042.25,
1184,39582.418,38406.56,
1185,39567.61,38316.82,
1186,39565.496,38324.71,
1187,39541.97,38201.96,
1188,39558.29,38744.656,
1189,39586.312,39019.55,
1190,39600.043,39107.64,
1191,39582.92,38486.977,
1192,39541.53,37819.617,
1193,39524.99,38323.105,
1194,39533.06,38739.016,
1195,39585.89,39218.133,
1196,39673.87,39483.086,
1197,39729.598,39544.207,
1198,39764.902,39579.047,
1199,39685.26,38747.016,
1200,39775.52,38932.66,
1201,39707.066,38841.17,
1202,39594.65,38002.496,
1203,39567.137,38314.383,
1204,39558.47,38658.55,
1205,39674.85,39359.53,
1206,39630.69,38768.848,
1207,39663.242,38827.344,
1208,39683.89,39397.18,
1209,39616.84,38648.145,
1210,39632.9,38336.445,
1211,39575.18,38060.598,
1212,39419.8,37678.902,
1213,39485.938,38448.64,
1214,39515.94,38989.227,
1215,39484.86,38386.36,
1216,39492.61,38464.953,
1217,39523.098,39074.203,
1218,39481.41,38490.61,
1219,39511.36,38559.84,
1220,39549.14,39180.473,
1221,39510.207,38530.188,
1222,39470.77,37896.98,
1223,39456.617,38262.465,
1224,39472.35,38803.004,
1225,39453.543,38349.242,
1226,39447.32,38388.426,
1227,39466.73,38592.6,
1228,39416.68,37847.082,
1229,39464.9,38575.95,
1230,39487.453,39100.996,
1231,39466.83,38471.418,
1232,39498.37,38613.03,
1233,39485.03,38495.56,
1234,39463.223,37992.605,
1235,39418.26,37752.125,
1236,39434.33,38081.305,
1237,39412.53,38388.566,
1238,39461.09,39035.777,
1239,39448.03,38566.5,
1240,39436.81,38460.613,
1241,39443.59,38852.145,
1242,39436.668,38461.207,
1243,39420.918,37835.613,
1244,39371.31,37644.176,
1245,39370.15,38227.797,
1246,39409.51,39008.266,
1247,39436.19,39155.477,
1248,39405.24,38468.836,
1249,39340.4,37753.926,
1250,39365.51,38452.13,
1251,39314.77,38337.51,
1252,39386.26,38492.434,
1253,39446.01,39235.355,
1254,39443.867,39229.41,
1255,39552.34,39463.566,
1256,39509.31,38731.79,
1257,39532.97,38704.3,
1258,39534.41,39170.26,
1259,39569.16,38870.14,
1260,39518.32,38211.38,
1261,39463.133,37930.9,
1262,39486.0,38528.65,
1263,39465.68,38531.785,
1264,39478.95,38592.145,
1265,39480.99,38577.785,
1266,39461.65,37987.742,
1267,39431.562,37809.74,
1268,39370.832,37670.746,
1269,39424.793,38656.984,
1270,39461.062,39164.414,
1271,39397.7,38849.707,
1272,39576.16,39509.418,
1273,39567.66,39085.332,
1274,39508.01,38282.707,
1275,39490.01,38655.207,
1276,39585.46,38939.387,
1277,39436.62,38135.695,
1278,39396.42,37917.336,
1279,39400.2,38524.33,
1280,39437.68,38704.887,
1281,39253.43,37832.957,
1282,39353.883,38859.805,
1283,39424.64,40112.535,
1284,38890.03,38179.37,
1285,38857.45,37291.375,
1286,38890.133,37583.63,
1287,38847.223,37449.05,
1288,38814.53,37266.24,
1289,38791.043,37202.914,
1290,38780.3,37159.836,
1291,38780.168,37169.355,
1292,38769.38,37136.14,
1293,38764.89,37751.016,
1294,38802.137,38446.387,
1295,38801.3,38441.684,
1296,38828.38,38603.22,
1297,38780.31,37921.14,
1298,38821.25,38046.8,
1299,38780.02,37969.242,
1300,38796.64,37977.44,
1301,38833.48,38581.44,
1302,38834.27,38249.594,
1303,38807.043,37601.09,
1304,38833.152,38171.2,
1305,38798.31,38005.41,
1306,38784.49,37461.87,
1307,38802.26,38067.156,
1308,38798.047,38069.938,
1309,38772.85,37431.645,
1310,38800.62,38120.117,
1311,38767.1,38004.188,
1312,38753.09,37428.68,
1313,38757.37,37577.91,
1314,38734.07,37357.777,
1315,38740.258,37953.43,
1316,38764.406,38518.77,
1317,38758.33,38036.605,
1318,38778.21,38130.926,
1319,38781.387,38632.54,
1320,38787.66,38166.754,
1321,38775.777,37659.824,
1322,38781.906,37822.18,
1323,38749.38,37403.656,
1324,38731.633,37298.477,
1325,38733.63,37420.07,
1326,38718.758,37320.008,
1327,38732.86,37958.02,
1328,38721.32,37958.855,
1329,38748.23,38122.977,
1330,38738.61,38356.855,
1331,38791.41,38732.543,
1332,38792.31,38438.34,
1333,38756.68,37618.184,
1334,38775.13,38038.36,
1335,38795.918,38170.824,
1336,38765.93,38049.152,
1337,38810.78,38598.215,
1338,38821.53,38702.566,
1339,38810.688,38165.742,
1340,38837.67,38258.45,
1341,38759.918,37980.73,
1342,38809.16,38094.977,
1343,38782.99,38086.31,
1344,38805.543,38156.625,
1345,38767.54,38023.18,
1346,38771.77,37990.92,
1347,38763.21,37989.156,
1348,38742.008,37372.887,
1349,38703.52,37246.473,
1350,38717.51,37978.594,
1351,38770.15,38650.645,
1352,38772.777,38674.754,
1353,38810.367,38788.06,
1354,38787.5,38080.508,
1355,38763.73,37602.734,
1356,38737.652,37427.14,
1357,38733.504,37404.21,
1358,38666.09,37215.5,
1359,38671.36,37852.344,
1360,38703.543,38431.016,
1361,38688.23,38292.16,
1362,38737.49,38599.926,
1363,38746.9,38190.707,
1364,38726.9,38081.68,
1365,38760.902,38648.098,
1366,38813.25,38881.547,
1367,38850.22,38949.62,
1368,38794.508,38176.22,
1369,38873.44,38328.492,
1370,38821.31,38213.58,
1371,38859.5,38028.89,
1372,38764.688,37688.906,
1373,38797.93,38193.45,
1374,38795.43,38219.227,
1375,38730.008,37475.016,
1376,38771.598,38136.645,
1377,38758.938,38140.566,
1378,38696.99,37499.496,
1379,38725.45,38145.688,
1380,38720.48,38412.598,
1381,38783.316,38795.254,
1382,38796.17,38906.39,
1383,38799.57,38439.348,
1384,38813.23,38293.793,
1385,38750.96,37645.984,
1386,38780.84,38228.926,
1387,38757.297,38469.137,
1388,38828.64,38564.09,
1389,38754.27,38495.84,
1390,38848.402,38632.137,
1391,38508.34,37575.805,
1392,38427.7,37141.844,
1393,38408.008,37190.97,
1394,38339.88,37090.93,
1395,38376.883,37837.758,
1396,38331.63,37674.395,
1397,38292.887,37605.164,
1398,38361.23,37842.96,
1399,38265.37,37191.523,
1400,38377.51,37792.03,
1401,38425.64,38368.918,
1402,38413.62,37813.15,
1403,38347.2,37265.88,
1404,38370.11,37764.598,
1405,38385.082,38247.79,
1406,38549.38,38763.387,
1407,38557.23,38745.406,
1408,38588.41,38700.957,
1409,38594.13,38724.137,
1410,38631.332,38785.812,
1411,38590.1,38019.207,
1412,38542.0,37846.105,
1413,38607.23,38484.457,
1414,38659.33,38742.703,
1415,38673.12,38866.84,
1416,38723.758,38542.027,
1417,38605.37,37688.52,
1418,38606.04,37838.47,
1419,38447.957,37274.18,
1420,38329.42,37054.11,
1421,38305.84,36980.71,
1422,38247.453,37513.324,
1423,38329.71,38086.19,
1424,38254.867,37674.312,
1425,38282.24,37664.656,
1426,38342.65,38275.26,
1427,38314.04,37765.402,
1428,38224.527,37064.16,
1429,38183.71,36944.22,
1430,38108.1,36809.043,
1431,38107.47,36805.387,
1432,38132.117,37504.996,
1433,38157.832,38005.984,
1434,38183.53,38163.46,
1435,38139.086,37548.188,
1436,38191.4,37741.426,
1437,38222.473,38296.25,
1438,38202.367,37726.445,
1439,38127.8,37074.555,
1440,38056.16,36858.89,
1441,38040.5,36807.793,
1442,38004.848,36788.35,
1443,37981.23,36716.62,
1444,37999.86,37487.504,
1445,37975.46,37367.99,
1446,37889.332,36668.863,
1447,37912.938,37330.234,
1448,37951.64,37836.223,
1449,37928.63,37402.707,
1450,37883.68,36860.863,
1451,37678.1,36504.676,
1452,37688.33,36846.027,
1453,37675.77,36986.316,
1454,37639.82,36472.37,
1455,37642.71,37061.566,
1456,37732.27,37814.637,
1457,37725.883,37427.707,
1458,37713.04,36929.445,
1459,37668.16,36681.25,
1460,37706.23,37253.145,
1461,37771.438,37932.62,
1462,37798.92,37991.785,
1463,37805.32,37635.47,
1464,37747.46,36865.555,
1465,37754.52,37265.63,
1466,37762.82,37315.01,
1467,37731.59,36810.76,
1468,37744.05,37336.387,
1469,37761.02,37775.24,
1470,37715.082,37183.234,
1471,37742.08,37276.902,
1472,37760.24,37811.387,
1473,37796.32,38001.223,
1474,37750.86,37334.082,
1475,37713.0,36792.203,
1476,37747.22,37308.395,
1477,37776.34,37882.367,
1478,37815.062,38063.875,
1479,37743.09,37333.484,
1480,37748.97,37296.566,
1481,37737.742,37292.01,
1482,37699.51,36686.035,
1483,37666.41,36583.902,
1484,37670.5,37288.742,
1485,37701.14,37494.62,
1486,37634.03,36774.438,
1487,37644.28,36928.03,
1488,37614.97,36825.12,
1489,37575.39,37100.234,
1490,37644.08,37740.28,
1491,37684.37,37539.758,
1492,37659.01,37365.76,
1493,37625.48,37434.21,
1494,37739.902,37965.37,
1495,37721.43,37506.387,
1496,37731.63,37598.867,
1497,37929.59,38437.652,
1498,37896.91,37866.44,
1499,37792.312,37067.613,
1500,37882.25,37598.86,
1501,37854.582,37585.67,
1502,37881.34,37632.742,
1503,37883.58,37995.45,
1504,37886.69,37645.29,
1505,37819.11,36850.363,
1506,37755.55,36670.99,
1507,37708.34,36599.234,
1508,37678.67,37053.133,
1509,37761.74,37806.688,
1510,37762.39,37497.855,
1511,37714.39,36880.582,
1512,37716.74,37243.344,
1513,37734.03,37686.375,
1514,37718.75,37275.477,
1515,37682.14,36753.31,
1516,37671.64,36647.44,
1517,37682.25,37018.152,
1518,37697.05,37327.707,
1519,37738.48,38027.594,
1520,37800.49,38148.81,
1521,37803.61,38161.0,
1522,37834.16,38180.84,
1523,37889.12,38259.293,
1524,37870.04,37513.71,
1525,37829.52,37433.473,
1526,37934.938,38134.145,
1527,37940.19,37808.09,
1528,37891.008,37163.855,
1529,37923.1,37544.527,
1530,37951.53,38118.844,
1531,37964.28,38184.406,
1532,37981.36,38253.887,
1533,38017.75,38378.293,
1534,38043.8,38469.88,
1535,38146.61,38588.094,
1536,38056.75,37711.625,
1537,37987.31,37167.97,
1538,37881.008,36828.203,
1539,37860.66,37226.652,
1540,37881.13,37652.105,
1541,37882.812,37442.582,
1542,37826.35,36779.516,
1543,37744.28,36611.0,
1544,37711.29,37064.227,
1545,37782.2,37732.824,
1546,37785.97,37426.375,
1547,37741.21,36867.055,
1548,37785.66,37364.594,
1549,37823.54,37966.285,
1550,37780.93,37348.855,
1551,37786.707,37306.492,
1552,37863.84,38053.805,
1553,37876.41,38114.41,
1554,37854.41,37441.75,
1555,37829.812,37005.977,
1556,37797.31,37179.188,
1557,37830.008,37731.645,
1558,37822.0,37407.63,
1559,37787.562,36834.676,
1560,37741.85,36681.098,
1561,37703.74,37127.23,
1562,37771.26,37778.973,
1563,37738.47,37398.03,
1564,37669.86,36887.477,
1565,37716.21,37488.867,
1566,37792.1,38027.887,
1567,37832.87,38124.1,
1568,37881.77,38195.2,
1569,37839.06,37484.406,
1570,37830.77,37421.21,
1571,37896.66,38104.125,
1572,37873.97,37576.227,
1573,37797.97,36888.4,
1574,37782.09,36812.3,
1575,37686.17,36658.133,
1576,37782.2,37525.77,
1577,37803.16,37631.855,
1578,37718.34,36925.07,
1579,37740.79,37324.39,
1580,37774.25,37850.754,
1581,37756.25,37392.473,
1582,37714.46,36897.81,
1583,37731.46,37435.863,
1584,37842.99,38197.406,
1585,37814.76,37646.42,
1586,37766.94,37150.566,
1587,37619.23,37285.797,
1588,37837.56,38237.195,
1589,37917.07,38548.234,
1590,38078.81,38649.594,
1591,38152.777,38724.8,
1592,38143.0,38543.234,
1593,38150.31,38534.035,
1594,38190.04,38647.836,
1595,38243.387,38747.98,
1596,38189.64,37901.51,
1597,38227.867,38024.785,
1598,38202.62,37918.266,
1599,38092.22,37115.434,
1600,38126.32,37702.117,
1601,38119.54,37752.06,
1602,38092.027,37162.297,
1603,38066.12,37024.355,
1604,37992.72,36866.066,
1605,37941.87,37397.82,
1606,38137.652,38418.094,
1607,38233.35,38701.83,
1608,38301.562,38955.77,
1609,38212.61,37995.76,
1610,38245.13,37844.47,
1611,38276.98,38450.473,
1612,38357.03,38745.367,
1613,38225.3,37841.023,
1614,38165.79,37160.805,
1615,38188.816,37747.297,
1616,38126.758,37578.16,
1617,38137.03,37276.277,
1618,38173.73,37715.95,
1619,38148.91,37945.87,
1620,38198.992,38315.438,
1621,38143.71,37719.4,
1622,38030.3,36908.09,
1623,38033.754,37396.97,
1624,38059.61,37582.734,
1625,37967.562,36933.66,
1626,37966.492,37338.324,
1627,37985.04,37746.723,
1628,37954.1,37395.027,
1629,37923.508,36797.05,
1630,37907.32,37245.203,
1631,37944.18,37821.035,
1632,37967.97,37607.87,
1633,37936.47,37447.273,
1634,37977.047,37945.43,
1635,38024.97,38182.953,
1636,37953.17,37497.19,
1637,37893.71,36899.996,
1638,37931.83,37437.94,
1639,37978.21,38047.266,
1640,37958.31,37828.61,
1641,38045.27,38211.684,
1642,38052.55,38274.547,
1643,38088.457,37879.605,
1644,37937.48,37024.906,
1645,37906.45,36895.92,
1646,37788.89,36711.73,
1647,37703.61,36615.156,
1648,37838.26,37434.93,
1649,37794.95,37478.992,
1650,37873.41,37525.39,
1651,37920.207,38110.723,
1652,37885.1,37520.31,
1653,37967.36,37549.02,
1654,37999.45,38250.203,
1655,38016.39,37872.465,
1656,37961.12,37228.246,
1657,38008.15,37714.94,
1658,38120.27,38501.06,
1659,38190.367,38694.145,
1660,38294.816,39191.62,
1661,38235.098,38181.03,
1662,38125.973,37376.535,
1663,38215.94,37926.92,
1664,38158.13,38257.64,
1665,38365.438,38911.613,
1666,38146.0,37993.098,
1667,38167.36,37769.453,
1668,38040.48,37512.535,
1669,38133.348,37784.188,
1670,38166.723,38404.754,
1671,38161.35,38442.566,
1672,38296.3,38924.582,
1673,38260.293,38308.766,
1674,38113.4,37592.72,
1675,37963.777,37043.87,
1676,37893.8,36958.03,
1677,37789.91,36721.67,
1678,37621.02,36487.047,
1679,37595.4,36534.918,
1680,37530.332,36399.168,
1681,37497.55,36336.293,
1682,37386.67,36170.875,
1683,37413.84,36447.285,
1684,37370.62,36344.47,
1685,37412.27,37042.84,
1686,37426.758,37086.973,
1687,37397.99,36536.027,
1688,37411.25,36696.348,
1689,37334.28,36367.715,
1690,37255.8,36120.79,
1691,37172.13,35997.707,
1692,37211.98,36727.215,
1693,37261.98,37269.047,
1694,37225.23,36810.04,
1695,37182.84,36287.043,
1696,37253.438,36922.07,
1697,37188.668,36814.08,
1698,37176.97,36329.508,
1699,37117.508,36139.598,
1700,37112.34,36107.188,
1701,37055.74,35983.594,
1702,37034.98,35948.703,
1703,37044.55,36631.7,
1704,37086.13,37229.44,
1705,37113.36,36962.94,
1706,37045.2,36283.164,
1707,36989.66,36067.355,
1708,36934.258,35953.945,
1709,36970.66,36651.05,
1710,37004.3,37155.965,
1711,37048.938,37361.883,
1712,37106.27,37527.543,
1713,37052.742,36826.984,
1714,37004.81,36254.777,
1715,37042.94,36811.2,
1716,37103.848,37421.47,
1717,37061.26,36802.613,
1718,36983.09,36192.766,
1719,36984.46,36231.008,
1720,36917.11,36025.992,
1721,36914.83,36032.5,
1722,36956.85,36746.1,
1723,36944.582,37003.434,
1724,36989.79,37346.152,
1725,37068.59,37573.26,
1726,37095.96,37628.793,
1727,37141.992,37655.95,
1728,37132.91,37000.71,
1729,37126.19,36912.855,
1730,37163.44,37555.594,
1731,37155.44,37384.887,
1732,37180.09,37561.32,
1733,37197.64,37280.945,
1734,37148.28,36485.2,
1735,37161.652,36959.855,
1736,37199.39,37536.15,
1737,37208.22,37171.65,
1738,37182.902,36995.555,
1739,37256.35,37642.42,
1740,37258.86,37724.977,
1741,37345.0,37915.168,
1742,37275.15,37145.16,
1743,37197.13,36442.418,
1744,37241.63,37035.258,
1745,37242.39,37059.85,
1746,37229.71,36687.793,
1747,37139.92,36287.836,
1748,37083.05,36089.293,
1749,37050.64,36055.086,
1750,37050.3,36047.832,
1751,36984.16,35984.6,
1752,37033.1,36760.668,
1753,36994.85,36931.133,
1754,36984.74,36652.766,
1755,36922.12,36030.08,
1756,36807.74,35949.26,
1757,36908.33,36535.68,
1758,36863.78,36673.0,
1759,36908.35,36449.336,
1760,36881.062,36419.7,
1761,36872.6,36616.023,
1762,37042.7,37548.594,
1763,36990.17,36889.656,
1764,36975.18,36781.2,
1765,37008.77,37300.04,
1766,37055.21,37530.977,
1767,37006.74,36855.215,
1768,36925.17,36225.797,
1769,37087.47,37150.004,
1770,37120.492,37690.06,
1771,37112.85,37122.812,
1772,37080.56,36624.34,
1773,37007.93,36275.176,
1774,36937.438,36102.76,
1775,36850.84,35990.21,
1776,36756.3,36360.81,
1777,36959.008,37378.066,
1778,36979.27,37527.88,
1779,36980.17,37019.332,
1780,36797.81,36123.812,
1781,36805.23,36598.62,
1782,36787.902,36544.375,
1783,36843.97,36950.023,
1784,36949.98,37608.51,
1785,36860.67,36802.426,
1786,36924.918,37028.926,
1787,36988.94,37479.09,
1788,36980.17,37357.703,
1789,36997.04,36995.52,
1790,36966.01,36865.01,
1791,37073.99,37610.65,
1792,37040.742,37371.633,
1793,37084.45,37159.19,
1794,37082.94,36993.797,
1795,37090.83,37115.07,
1796,37119.58,37346.8,
1797,37125.59,37818.332,
1798,37231.62,37968.082,
1799,37337.7,38099.637,
1800,37375.57,38114.51,
1801,37445.11,38127.625,
1802,37426.55,37866.117,
1803,37424.86,37373.535,
1804,37342.68,36554.71,
1805,37364.64,37111.598,
1806,37368.78,37143.258,
1807,37345.77,36634.99,
1808,37294.06,36357.613,
1809,37271.16,36395.957,
1810,37221.26,36693.598,
1811,37336.4,37664.1,
1812,37284.75,37431.51,
1813,37390.07,37731.043,
1814,37390.82,37776.707,
1815,37400.93,37336.33,
1816,37316.52,36522.066,
1817,37355.75,37034.164,
1818,37361.02,37482.39,
1819,37394.27,37703.91,
1820,37382.902,37152.504,
1821,37352.848,36577.734,
1822,37309.51,36333.355,
1823,37328.78,37014.324,
1824,37318.68,36905.45,
1825,37287.02,36363.098,
1826,37249.16,36705.793,
1827,37322.52,37515.027,
1828,37329.55,37150.35,
1829,37270.77,36967.12,
1830,37404.34,37786.47,
1831,37476.04,38013.39,
1832,37506.81,37994.098,
1833,37497.8,37802.336,
1834,37557.09,37981.332,
1835,37522.73,37597.54,
1836,37501.82,37141.12,
1837,37548.3,37342.68,
1838,37528.65,37272.105,
1839,37403.812,36444.24,
1840,37462.79,37185.297,
1841,37524.26,37866.06,
1842,37446.34,37216.1,
1843,37396.91,37134.56,
1844,37671.95,38141.176,
1845,37699.62,38284.133,
1846,37705.11,38091.727,
1847,37743.902,38205.215,
1848,37628.45,37273.617,
1849,37563.0,36589.887,
1850,37500.78,36466.145,
1851,37539.082,37253.44,
1852,37603.94,37920.523,
1853,37492.89,37159.445,
1854,37441.23,36489.95,
1855,37385.84,36344.68,
1856,37392.992,36470.715,
1857,37326.66,36267.98,
1858,37324.758,36224.93,
1859,37311.8,36209.094,
1860,37258.73,36117.555,
1861,37200.94,36054.953,
1862,37231.63,36857.137,
1863,37336.46,37618.887,
1864,37291.52,37027.047,
1865,37325.93,37115.887,
1866,37281.71,36918.883,
1867,37234.61,36339.637,
1868,37243.06,36910.336,
1869,37291.43,37604.82,
1870,37314.35,37773.766,
1871,37497.848,38062.777,
1872,37455.07,37431.37,
1873,37507.062,37378.58,
1874,37469.81,37197.25,
1875,37432.64,36742.027,
1876,37363.48,36489.23,
1877,37449.27,37260.43,
1878,37394.65,37428.45,
1879,37507.098,37758.02,
1880,37536.94,37413.934,
1881,37448.01,36811.09,
1882,37528.83,37291.344,
1883,37599.27,37989.74,
1884,37647.348,38080.24,
1885,37548.12,37215.207,
1886,37604.39,37255.42,
1887,37666.9,37406.25,
1888,37699.652,38071.105,
1889,37722.492,38103.645,
1890,37720.2,37573.76,
1891,37718.01,37300.496,
1892,37722.15,37433.7,
1893,37738.008,38116.742,
1894,37742.48,38128.195,
1895,37754.19,38162.598,
1896,37783.402,38206.992,
1897,37777.3,37484.652,
1898,37782.23,37597.742,
1899,37807.24,38161.836,
1900,37781.46,37352.5,
1901,37815.0,37551.29,
1902,37819.812,37658.926,
1903,37804.05,37051.082,
1904,37809.19,37293.633,
1905,37788.72,37240.83,
1906,37788.67,37254.62,
1907,37781.72,37188.26,
1908,37809.98,37692.367,
1909,37772.43,37324.11,
1910,37780.01,37317.02,
1911,37788.32,37743.26,
1912,37797.59,37880.688,
1913,37784.63,37220.13,
1914,37778.69,37214.29,
1915,37784.3,37325.156,
1916,37786.54,37111.027,
1917,37769.03,36695.215,
1918,37745.72,36557.816,
1919,37726.79,36505.098,
1920,37759.0,37350.99,
1921,37752.723,37619.5,
1922,37752.05,37268.805,
1923,37764.39,37408.793,
1924,37769.07,37487.95,
1925,37752.11,36819.992,
1926,37740.51,36661.33,
1927,37727.65,36574.62,
1928,37710.57,37018.32,
1929,37746.668,37770.316,
1930,37728.97,37288.434,
1931,37750.492,37374.72,
1932,37767.84,37909.484,
1933,37788.37,38006.68,
1934,37785.71,37895.637,
1935,37787.5,37917.277,
1936,37805.99,38060.062,
1937,37799.99,37361.92,
1938,37796.258,37016.99,
1939,37785.54,36762.19,
1940,37751.0,36550.43,
1941,37771.13,37331.688,
1942,37792.918,37865.73,
1943,37765.11,37241.992,
1944,37824.0,37567.777,
1945,37810.01,37772.773,
1946,37819.0,37812.86,
1947,37806.867,37320.215,
1948,37814.438,37151.812,
1949,37829.33,37575.973,
1950,37854.098,38120.49,
1951,37878.94,38222.156,
1952,37841.742,37432.035,
1953,37823.688,36846.453,
1954,37827.8,37339.58,
1955,37828.58,37611.598,
1956,37841.55,37904.086,
1957,37831.96,37283.58,
1958,37804.348,36691.625,
1959,37795.52,37106.242,
1960,37796.832,37387.777,
1961,37813.99,37849.176,
1962,37784.7,37242.633,
1963,37793.26,36998.734,
1964,37771.37,36754.84,
1965,37757.1,36635.008,
1966,37757.02,36655.285,
1967,37777.72,37359.96,
1968,37721.0,37139.062,
1969,37705.098,36575.49,
1970,37698.62,36581.27,
1971,37682.54,36975.99,
1972,37703.3,37588.395,
1973,37701.47,37572.53,
1974,37708.26,37705.938,
1975,37721.83,37884.2,
1976,37747.25,37996.035,
1977,37745.34,37469.684,
1978,37720.19,36787.348,
1979,37718.89,37167.316,
1980,37748.26,37845.527,
1981,37722.008,37249.32,
1982,37706.64,36716.305,
1983,37696.11,36628.14,
1984,37679.5,36534.8,
1985,37629.65,36433.66,
1986,37663.97,37265.9,
1987,37722.26,37884.355,
1988,37712.332,37263.54,
1989,37681.008,36826.32,
1990,37705.66,37249.094,
1991,37733.14,37871.418,
1992,37763.348,38002.766,
1993,37753.277,37316.28,
1994,37749.52,37297.688,
1995,37763.26,37875.387,
1996,37790.01,38051.664,
1997,37814.19,38111.867,
1998,37799.96,37759.027,
1999,37856.89,38076.77,
2000,37828.73,37391.504,
2001,37823.582,37040.45,
2002,37804.41,36845.21,
2003,37777.09,37168.066,
2004,37825.36,37872.758,
2005,37824.05,37465.58,
2006,37838.992,37505.668,
2007,37839.6,37986.523,
2008,37840.34,37602.703,
2009,37814.81,36743.22,
2010,37792.152,36606.465,
2011,37770.47,37097.18,
2012,37806.8,37772.965,
2013,37792.62,37320.348,
2014,37810.36,37389.414,
2015,37788.777,37282.4,
2016,37826.98,37609.54,
2017,37850.22,38038.242,
2018,37858.63,38063.277,
2019,37852.57,37427.586,
2020,37845.01,37025.293,
2021,37819.18,36711.465,
2022,37743.86,36529.203,
2023,37783.992,37350.66,
2024,37817.46,37891.45,
2025,37799.39,37389.086,
2026,37774.47,36830.684,
2027,37762.9,36737.82,
2028,37752.37,36667.21,
2029,37802.22,37445.867,
2030,37788.938,37369.043,
2031,37750.5,36771.754,
2032,37745.84,37153.35,
2033,37737.64,37130.035,
2034,37722.68,36568.555,
2035,37635.99,36463.668,
2036,37718.8,37239.285,
2037,37774.97,37968.742,
2038,37742.63,37320.117,
2039,37731.29,37377.984,
2040,37864.47,38175.98,
2041,37840.54,38040.723,
2042,37933.26,38269.387,
2043,37941.402,37909.98,
2044,37863.67,37132.47,
2045,37850.48,36921.406,
2046,37837.49,36853.78,
2047,37825.9,36737.152,
2048,37790.7,36612.6,
2049,37793.51,36721.754,
2050,37740.38,36542.96,
2051,37731.12,36521.29,
2052,37748.45,37028.605,
2053,37634.43,36604.12,
2054,37802.78,37566.594,
2055,37841.64,38181.496,
2056,37880.07,37717.812,
2057,37805.15,37116.22,
2058,37845.973,37566.92,
2059,37838.59,37576.82,
2060,37762.582,37653.19,
2061,38115.79,38748.887,
2062,38172.652,38966.88,
2063,38266.94,38951.19,
2064,38238.08,38367.992,
2065,38318.11,38789.773,
2066,38303.01,38795.043,
2067,37945.246,37242.48,
2068,37809.36,36603.895,
2069,37691.87,36525.836,
2070,37671.86,37023.098,
2071,37755.0,37793.594,
2072,37797.54,37992.082,
2073,37726.83,37344.47,
2074,37729.32,37202.06,
2075,37811.34,37619.598,
2076,37730.38,37367.41,
2077,37926.48,38174.074,
2078,37978.22,38425.42,
2079,37886.777,37577.957,
2080,37761.77,36907.312,
2081,37986.59,38033.05,
2082,37742.71,37520.516,
2083,37776.37,37135.477,
2084,37605.48,36683.41,
2085,37683.54,37559.594,
2086,37723.6,37667.75,
2087,37633.16,36743.88,
2088,37634.0,37136.53,
2089,37704.75,37834.555,
2090,37572.18,37108.418,
2091,37526.74,36423.938,
2092,37448.617,36272.867,
2093,37458.44,36781.773,
2094,37508.86,37480.727,
2095,37493.36,37044.54,
2096,37537.27,37310.035,
2097,37452.24,36960.688,
2098,37386.16,36258.562,
2099,37377.98,36242.363,
2100,37393.43,37079.17,
2101,37429.12,37462.184,
2102,37374.14,36848.76,
2103,37404.992,36983.805,
2104,37437.38,37529.51,
2105,37405.293,36842.574,
2106,37375.89,36420.79,
2107,37329.85,36226.33,
2108,37360.01,36920.387,
2109,37358.73,36905.23,
2110,37337.97,36393.098,
2111,37320.758,36261.258,
2112,37325.88,36851.594,
2113,37354.11,37506.0,
2114,37392.82,37689.785,
2115,37386.93,37121.504,
2116,37390.55,37159.094,
2117,37435.14,37771.02,
2118,37414.71,36934.67,
2119,37389.91,36590.01,
2120,37400.0,37019.01,
2121,37420.0,37613.516,
2122,37483.06,37980.19,
2123,37436.91,37232.656,
2124,37300.54,36288.38,
2125,37320.05,36776.44,
2126,37332.11,36956.875,
2127,37267.77,36303.863,
2128,37304.05,36988.074,
2129,37284.98,37158.24,
2130,37317.54,37419.414,
2131,37384.32,37721.754,
2132,37315.79,37026.848,
2133,37245.0,36308.215,
2134,37242.758,36290.63,
2135,37252.97,36861.195,
2136,37254.69,37146.242,
2137,37269.81,37433.33,
2138,37322.51,37705.34,
2139,37359.87,37790.656,
2140,37288.22,36889.504,
2141,37300.66,36925.86,
2142,37373.06,37655.387,
2143,37314.22,36967.91,
2144,37288.27,36499.562,
2145,37249.19,36294.754,
2146,37244.97,36746.65,
2147,37247.28,36830.438,
2148,37263.22,36952.305,
2149,37243.23,36837.64,
2150,37261.74,37060.938,
2151,37260.99,37005.85,
2152,37176.6,36145.082,
2153,37172.45,36129.848,
2154,37229.72,36992.777,
2155,37212.57,36914.188,
2156,37085.98,36117.71,
2157,37095.848,36655.785,
2158,37170.72,37366.605,
2159,37130.133,36858.023,
2160,36955.4,36068.7,
2161,37052.77,36803.33,
2162,37063.93,37336.86,
2163,37160.918,37556.617,
2164,37210.7,37713.508,
2165,37235.09,37725.05,
2166,37181.758,37202.695,
2167,37266.27,37558.01,
2168,37250.97,37498.492,
2169,37305.06,37690.38,
2170,37329.39,37804.895,
2171,37390.15,37926.19,
2172,37313.36,37078.184,
2173,37378.84,37193.44,
2174,37497.64,38022.543,
2175,37453.6,37293.53,
2176,37378.41,36686.848,
2177,37333.832,36489.426,
2178,37284.22,36454.594,
2179,37398.26,37174.043,
2180,37474.88,37952.17,
2181,37509.293,37979.547,
2182,37493.99,37733.332,
2183,37545.59,37966.496,
2184,37650.0,38232.016,
2185,37552.49,37383.008,
2186,37477.21,36639.92,
2187,37501.25,37158.906,
2188,37512.36,37224.223,
2189,37494.12,36858.875,
2190,37448.94,36455.863,
2191,37399.57,36305.887,
2192,37385.39,36256.414,
2193,37342.66,36191.69,
2194,37359.34,36918.387,
2195,37378.52,36985.453,
2196,37288.242,36297.855,
2197,37290.26,36810.523,
2198,37337.18,37494.277,
2199,37301.79,37001.664,
2200,37339.04,36992.08,
2201,37345.23,37517.465,
2202,37418.55,37779.13,
2203,37379.82,37068.594,
2204,37353.3,36995.938,
2205,37393.09,37197.54,
2206,37317.89,36502.35,
2207,37300.03,36374.04,
2208,37315.2,36895.125,
2209,37371.758,37636.625,
2210,37379.99,37212.65,
2211,37292.91,36435.914,
2212,37355.86,37035.223,
2213,37360.84,37501.3,
2214,37363.53,37500.926,
2215,37357.74,37385.117,
2216,37427.87,37846.453,
2217,37488.57,38028.36,
2218,37489.9,37629.746,
2219,37387.91,36555.27,
2220,37323.3,36317.78,
2221,37339.82,36977.4,
2222,37405.66,37694.098,
2223,37520.992,38067.676,
2224,37424.31,37240.91,
2225,37404.27,36710.414,
2226,37321.8,36423.074,
2227,37308.32,36934.992,
2228,37458.46,37848.934,
2229,37476.973,37975.117,
2230,37539.082,38068.727,
2231,37680.582,38328.152,
2232,37631.48,37522.42,
2233,37596.66,37542.74,
2234,37828.57,38555.867,
2235,37733.86,37971.29,
2236,37647.418,37204.008,
2237,37484.71,36715.156,
2238,37364.56,36318.848,
2239,37246.32,36172.004,
2240,37307.67,37026.617,
2241,37232.29,36895.184,
2242,37168.3,36700.832,
2243,37316.562,37722.832,
2244,37202.12,37123.156,
2245,37152.44,36425.973,
2246,37111.62,36543.97,
2247,36711.21,35628.203,
2248,36590.83,35353.047,
2249,36561.61,36032.605,
2250,36590.723,36198.51,
2251,36500.79,35502.984,
2252,36475.2,35395.336,
2253,36455.21,35885.008,
2254,36452.49,36064.066,
2255,36511.332,36741.887,
2256,36487.2,36227.66,
2257,36521.52,36558.395,
2258,36538.62,36650.523,
2259,36299.07,35442.19,
2260,36404.05,36245.656,
2261,36504.32,36985.785,
2262,36540.04,37012.85,
2263,36603.56,37133.97,
2264,36599.19,36707.97,
2265,36509.15,35852.586,
2266,36480.16,35691.08,
2267,36512.25,36474.688,
2268,36566.633,37007.85,
2269,36553.05,36488.246,
2270,36485.49,35850.582,
2271,36541.71,36417.754,
2272,36470.26,36294.86,
2273,36515.69,36337.812,
2274,36555.77,37005.008,
2275,36627.66,37222.21,
2276,36668.89,37329.055,
2277,36682.2,36935.49,
2278,36590.598,35964.41,
2279,36652.832,36741.566,
2280,36695.6,36842.598,
2281,36693.44,36518.938,
2282,36532.92,35750.14,
2283,36553.43,36235.312,
2284,36568.65,36449.95,
2285,36485.62,35720.19,
2286,36432.82,35553.613,
2287,36480.723,36372.8,
2288,36456.95,36567.33,
2289,36521.42,37006.85,
2290,36554.37,37062.844,
2291,36503.992,36313.31,
2292,36530.32,36472.504,
2293,36558.0,36584.43,
2294,36450.37,35772.617,
2295,36475.79,35962.133,
2296,36371.85,35631.137,
2297,36406.2,36269.707,
2298,36392.0,36489.355,
2299,36468.87,36920.953,
2300,36426.44,36296.89,
2301,36467.87,36234.188,
2302,36340.55,35731.61,
2303,36410.54,36216.88,
2304,36387.87,36312.793,
2305,36343.39,35702.277,
2306,36355.63,35879.938,
2307,36329.97,35741.418,
2308,36297.04,35581.99,
2309,36178.43,35376.113,
2310,36108.49,35242.812,
2311,36050.0,35192.81,
2312,36076.47,35998.83,
2313,36166.82,36718.934,
2314,36129.758,36181.61,
2315,36161.27,36230.19,
2316,36112.17,36066.816,
2317,36025.21,35410.96,
2318,36129.52,36382.117,
2319,35997.598,36199.164,
2320,35751.89,35345.312,
2321,36077.438,36537.52,
2322,36130.57,37227.832,
2323,36295.85,37266.457,
2324,36391.5,37400.855,
2325,36460.0,37555.54,
2326,36602.78,37687.71,
2327,36810.73,37949.87,
2328,36855.16,37440.137,
2329,36884.54,37350.03,
2330,36961.0,37993.52,
2331,37013.25,38254.348,
2332,36961.16,37896.688,
2333,37112.47,38235.73,
2334,36997.57,37302.926,
2335,36905.81,36486.965,
2336,36987.52,37102.082,
2337,37066.13,37840.9,
2338,37018.44,37132.25,
2339,36881.61,36278.87,
2340,36897.62,36794.55,
2341,36897.56,37136.14,
2342,36954.21,37193.523,
2343,36790.61,36307.523,
2344,36921.36,37269.34,
2345,36859.37,37225.992,
2346,37315.55,38739.273,
2347,37340.45,38240.48,
2348,37211.6,37248.527,
2349,36956.81,36398.062,
2350,36969.38,36655.45,
2351,37007.832,37033.84,
2352,37015.71,37353.0,
2353,36557.53,35987.1,
2354,36473.21,35690.51,
2355,36425.37,36621.684,
2356,36649.26,37398.332,
2357,36689.76,37410.42,
2358,36896.12,37621.688,
2359,36920.44,37745.426,
2360,37017.0,37742.453,
2361,37071.55,37825.355,
2362,37170.44,37907.625,
2363,37163.98,37392.273,
2364,37189.77,37524.5,
2365,37188.242,37785.977,
2366,37239.22,37902.098,
2367,37206.008,37091.27,
2368,37184.668,36947.07,
2369,37220.43,37551.54,
2370,37214.05,37508.016,
2371,37340.99,38004.906,
2372,37364.57,38069.65,
2373,37410.82,38093.727,
2374,37397.582,37566.754,
2375,37346.0,36616.09,
2376,37326.793,36907.387,
2377,37364.1,37596.55,
2378,37397.66,37818.734,
2379,37388.332,37603.57,
2380,37420.96,37830.45,
2381,37368.55,37008.355,
2382,37394.8,36851.63,
2383,37312.26,36407.805,
2384,37297.77,36321.695,
2385,37325.67,36965.703,
2386,37279.75,36659.28,
2387,37318.45,37003.914,
2388,37392.348,37794.24,
2389,37400.82,37808.055,
2390,37405.742,37265.484,
2391,37367.58,36568.8,
2392,37376.16,36960.5,
2393,37350.66,36769.508,
2394,37402.75,37151.61,
2395,37423.01,37770.234,
2396,37414.05,37541.945,
2397,37453.9,37848.85,
2398,37489.598,37938.66,
2399,37471.34,37567.184,
2400,37494.85,37765.19,
2401,37533.258,37962.406,
2402,37578.37,38068.875,
2403,37532.48,37195.36,
2404,37479.47,36623.67,
2405,37598.77,37477.47,
2406,37541.12,37302.06,
2407,37614.22,37400.5,
2408,37628.59,37560.223,
2409,37555.25,36769.31,
2410,37462.99,36410.52,
2411,37432.562,36323.934,
2412,37416.76,36315.03,
2413,37390.082,36778.15,
2414,37540.918,37916.51,
2415,37500.93,37308.133,
2416,37475.64,37007.99,
2417,37522.79,37686.82,
2418,37512.75,37616.41,
2419,37616.59,38032.062,
2420,37455.65,37113.402,
2421,37448.082,36984.793,
2422,37559.72,37854.82,
2423,37478.188,37191.492,
2424,37434.29,36539.46,
2425,37385.19,36383.844,
2426,37336.35,36278.793,
2427,37421.54,37299.336,
2428,37628.72,38336.73,
2429,37512.332,37440.973,
2430,37573.13,37141.72,
2431,37553.418,37667.55,
2432,37606.28,37921.742,
2433,37708.91,38286.5,
2434,37627.03,37446.54,
2435,37543.27,36697.402,
2436,37558.16,37232.812,
2437,37480.23,37047.688,
2438,37580.93,37288.184,
2439,37515.223,37347.117,
2440,37608.88,38168.02,
2441,37411.44,37474.58,
2442,37046.69,36243.09,
2443,37254.96,36850.715,
2444,37256.188,37525.133,
2445,37399.16,37710.97,
2446,37368.91,37576.85,
2447,37434.62,37912.316,
2448,37494.87,37656.25,
2449,37326.51,36623.74,
2450,37338.12,36931.04,
2451,37449.15,37870.895,
2452,37435.0,37427.402,
2453,37259.332,36356.0,
2454,37137.473,36124.344,
2455,36900.98,35994.88,
2456,37117.25,36618.53,
2457,37131.41,37409.957,
2458,37244.67,37527.195,
2459,37227.348,36954.977,
2460,37165.37,36371.027,
2461,37135.68,36210.785,
2462,37112.14,36132.566,
2463,37150.14,36807.027,
2464,37173.11,37459.496,
2465,37270.75,37733.21,
2466,37302.91,37817.793,
2467,37376.56,37920.914,
2468,37311.777,37114.355,
2469,37279.582,36515.297,
2470,37175.59,36155.008,
2471,37236.49,36831.39,
2472,37209.938,36840.875,
2473,37164.34,36259.383,
2474,37203.79,36911.562,
2475,37162.95,36804.844,
2476,37140.16,36235.223,
2477,37083.82,36548.918,
2478,37227.12,37491.08,
2479,37182.332,36986.91,
2480,37264.68,37147.566,
2481,37207.79,36976.363,
2482,37191.73,36430.06,
2483,37158.312,36675.21,
2484,37204.11,37297.84,
2485,37186.8,36845.32,
2486,37138.0,36194.25,
2487,37162.18,36763.676,
2488,37153.527,36710.4,
2489,37078.08,36068.21,
2490,37161.46,36955.227,
2491,37203.848,37551.336,
2492,37225.62,37556.613,
2493,37216.05,36884.6,
2494,37170.72,36326.21,
2495,37122.3,36081.56,
2496,37137.473,36395.855,
2497,37099.39,36713.516,
2498,37264.33,37670.34,
2499,37277.84,37767.484,
2500,37329.25,37771.445,
2501,37317.84,37166.098,
2502,37308.18,36784.176,
2503,37227.12,36249.043,
2504,37314.29,37072.637,
2505,37371.79,37784.344,
2506,37333.01,37101.6,
2507,37269.96,36431.684,
2508,37322.26,37033.855,
2509,37298.07,37003.117,
2510,37219.09,36297.957,
2511,37281.36,37058.074,
2512,37391.19,37934.32,
2513,37499.0,38152.06,
2514,37353.73,37130.055,
2515,37402.95,37160.883,
2516,37002.52,36084.59,
2517,37003.2,35912.156,
2518,36953.96,35928.266,
2519,36983.89,36614.227,
2520,37004.45,36685.332,
2521,36962.66,36611.906,
2522,37026.42,36835.363,
2523,36879.93,36015.77,
2524,36934.63,36495.094,
2525,36908.39,36476.105,
2526,36846.68,35917.027,
2527,36903.832,36726.215,
2528,36964.16,36878.29,
2529,36867.16,36149.445,
2530,36862.312,36051.215,
2531,36812.7,35885.957,
2532,36860.3,36738.24,
2533,36810.008,36532.1,
2534,36755.97,35852.637,
2535,36626.2,35579.355,
2536,36623.79,35547.625,
2537,36587.77,35529.152,
2538,36592.492,35645.727,
2539,36569.1,35558.05,
2540,36571.24,35657.227,
2541,36559.38,35575.434,
2542,36562.0,36234.516,
2543,36628.45,37063.004,
2544,36586.73,36354.56,
2545,36552.86,35781.086,
2546,36558.08,35911.27,
2547,36448.54,35507.33,
2548,36478.42,36213.234,
2549,36501.0,36653.14,
2550,36489.73,36186.5,
2551,36431.598,35607.49,
2552,36505.29,36312.203,
2553,36520.43,36871.99,
2554,36502.082,36319.184,
2555,36492.29,36250.19,
2556,36511.92,36371.383,
2557,36472.26,35780.74,
2558,36458.13,35683.227,
2559,36499.2,36376.508,
2560,36479.03,36586.152,
2561,36481.1,36253.805,
2562,36450.61,35713.086,
2563,36502.04,36457.477,
2564,36557.8,37129.06,
2565,36581.28,37165.35,
2566,36569.01,36896.086,
2567,36605.6,37123.78,
2568,36655.78,37299.285,
2569,36684.61,37338.87,
2570,36658.23,36571.426,
2571,36622.188,35971.777,
2572,36644.78,36498.44,
2573,36664.78,37070.07,
2574,36702.062,37272.926,
2575,36684.86,36646.42,
2576,36636.68,35915.035,
2577,36635.562,35887.3,
2578,36625.72,36301.434,
2579,36655.64,37026.832,
2580,36621.16,36427.543,
2581,36649.03,36650.242,
2582,36595.7,36360.348,
2583,36592.85,35934.004,
2584,36539.74,35638.69,
2585,36550.64,36299.645,
2586,36574.25,36826.66,
2587,36559.41,36327.35,
2588,36560.93,36016.23,
2589,36532.13,35692.25,
2590,36515.41,35602.94,
2591,36538.56,36382.477,
2592,36543.94,36415.65,
2593,36505.92,35754.9,
2594,36451.14,35534.332,
2595,36478.27,36278.94,
2596,36472.73,36554.254,
2597,36482.43,36670.168,
2598,36457.152,36132.332,
2599,36473.18,36267.44,
2600,36512.21,36987.35,
2601,36478.63,36186.72,
2602,36468.54,36229.28,
2603,36493.71,36810.83,
2604,36492.73,36815.89,
2605,36570.34,37205.21,
2606,36567.777,37146.668,
2607,36559.79,36438.086,
2608,36594.89,36647.344,
2609,36589.68,36572.49,
2610,36550.65,35877.26,
2611,36551.55,35885.63,
2612,36527.55,35674.453,
2613,36528.242,36224.145,
2614,36519.64,36142.535,
2615,36516.258,36015.33,
2616,36562.35,37109.887,
2617,36575.69,37183.207,
2618,36584.11,37205.297,
2619,36632.58,37302.914,
2620,36620.55,37012.477,
2621,36637.652,37107.965,
2622,36615.2,36394.3,
2623,36575.848,36289.258,
2624,36702.75,37238.164,
2625,36681.52,36618.547,
2626,36719.16,36745.72,
2627,36723.9,37246.215,
2628,36729.41,36771.54,
2629,36693.66,36054.48,
2630,36654.95,35799.492,
2631,36640.36,35736.45,
2632,36643.24,35893.664,
2633,36667.812,36619.438,
2634,36666.36,36995.086,
2635,36663.6,36522.24,
2636,36695.79,36810.164,
2637,36725.0,37441.16,
2638,36773.02,37528.188,
2639,36821.89,37614.96,
2640,36679.25,36527.67,
2641,36633.008,35867.99,
2642,36635.32,35921.754,
2643,36594.05,35741.375,
2644,36521.87,35582.387,
2645,36503.58,35562.95,
2646,36497.2,35537.85,
2647,36441.34,35458.773,
2648,36447.11,35618.34,
2649,36463.93,36325.016,
2650,36479.17,36379.477,
2651,36431.492,35711.52,
2652,36461.03,36253.082,
2653,36474.86,36415.73,
2654,36484.68,36192.36,
2655,36430.23,35695.715,
2656,36420.188,36089.15,
2657,36467.64,36818.492,
2658,36485.66,36958.355,
2659,36532.867,37122.35,
2660,36482.52,36483.203,
2661,36438.6,35729.07,
2662,36445.15,36128.746,
2663,36443.8,36153.316,
2664,36411.94,35568.9,
2665,36442.07,36385.52,
2666,36437.29,36611.45,
2667,36433.15,36524.258,
2668,36458.402,36912.266,
2669,36486.15,37073.67,
2670,36427.52,36223.684,
2671,36422.348,36176.977,
2672,36433.18,36189.39,
2673,36357.5,35557.477,
2674,36340.81,35479.03,
2675,36290.87,35426.594,
2676,36271.418,35765.875,
2677,36337.31,36697.26,
2678,36359.61,36827.246,
2679,36370.18,36382.617,
2680,36349.24,35887.195,
2681,36377.45,36286.72,
2682,36339.027,36118.98,
2683,36325.74,36099.926,
2684,36393.25,36877.137,
2685,36412.32,36981.49,
2686,36436.97,37029.55,
2687,36415.79,36369.613,
2688,36393.02,35810.418,
2689,36379.973,35696.434,
2690,36389.473,36302.684,
2691,36435.4,36996.613,
2692,36426.8,36799.14,
2693,36432.277,36841.43,
2694,36442.46,36972.94,
2695,36447.91,36573.14,
2696,36423.668,36226.945,
2697,36474.97,36972.414,
2698,36454.367,36425.27,
2699,36407.3,35754.082,
2700,36415.37,35890.75,
2701,36427.34,36452.312,
2702,36476.14,37097.164,
2703,36536.383,37331.72,
2704,36630.38,37421.78,
2705,36564.562,36540.09,
2706,36510.14,36021.51,
2707,36627.12,36913.65,
2708,36559.62,36671.184,
2709,36442.1,35806.72,
2710,36482.75,36389.707,
2711,36501.63,36509.117,
2712,36414.188,35788.64,
2713,36401.09,35689.094,
2714,36384.82,36151.6,
2715,36449.42,36953.777,
2716,36503.07,36767.484,
2717,36343.45,35808.13,
2718,36421.94,36425.062,
2719,36473.84,36648.566,
2720,36331.54,35860.02,
2721,36346.22,36258.34,
2722,36409.86,36939.188,
2723,36521.62,37236.008,
2724,36485.89,36568.945,
2725,36429.1,35969.97,
2726,36428.3,35995.08,
2727,36517.598,36824.633,
2728,36508.83,37061.008,
2729,36515.96,36684.28,
2730,36371.14,35818.504,
2731,36365.96,36834.96,
2732,35984.4,35874.54,
2733,35986.13,35635.387,
2734,36108.44,36564.426,
2735,36142.54,36282.49,
2736,36044.92,35658.887,
2737,35984.45,35770.59,
2738,36056.88,36430.78,
2739,36126.71,36791.344,
2740,36020.473,36132.258,
2741,36179.242,36320.445,
2742,36324.508,37183.293,
2743,36320.23,37091.418,
2744,36347.75,36661.25,
2745,36414.48,36859.125,
2746,36467.0,37348.082,
2747,36604.758,37553.504,
2748,36527.51,36762.543,
2749,36397.08,35860.625,
2750,36368.88,35767.055,
2751,36339.68,36081.04,
2752,36382.68,36735.66,
2753,36441.9,37053.52,
2754,36446.89,36592.082,
2755,36385.938,35887.94,
2756,36370.93,35796.48,
2757,36236.49,35442.363,
2758,36215.73,35371.98,
2759,36210.25,35803.816,
2760,36322.902,36910.19,
2761,36304.098,36410.66,
2762,36362.43,36488.918,
2763,36403.242,37094.406,
2764,36407.43,36682.633,
2765,36362.72,35902.438,
2766,36392.52,36200.73,
2767,36199.7,35489.438,
2768,36251.168,36116.996,
2769,36278.51,36622.234,
2770,36266.25,36507.094,
2771,36294.18,36725.242,
2772,36373.1,37071.055,
2773,36437.03,37194.746,
2774,36399.6,36327.95,
2775,36350.332,35831.914,
2776,36363.27,35963.355,
2777,36283.93,35584.492,
2778,36324.12,36531.504,
2779,36331.64,36739.12,
2780,36443.25,37232.71,
2781,36489.69,37310.16,
2782,36445.52,36467.562,
2783,36418.258,36347.637,
2784,36495.76,37033.91,
2785,36478.55,36476.527,
2786,36417.13,35844.758,
2787,36369.53,36094.395,
2788,36460.332,36926.156,
2789,36481.43,37142.098,
2790,36643.52,37499.145,
2791,36488.36,36569.37,
2792,36557.84,36355.773,
2793,36443.98,36051.207,
2794,36350.05,35684.78,
2795,36340.36,36112.69,
2796,36370.332,36329.254,
2797,36335.918,35839.934,
2798,36184.52,35393.332,
2799,36106.27,35249.387,
2800,36161.152,36089.258,
2801,36193.27,36236.266,
2802,36153.91,35722.91,
2803,36077.48,35441.63,
2804,36225.33,36202.64,
2805,36221.05,36348.207,
2806,36182.688,35911.258,
2807,36094.95,35437.05,
2808,35961.867,35188.203,
2809,35938.83,35115.824,
2810,35881.06,35093.93,
2811,35967.78,36230.723,
2812,35958.168,36420.645,
2813,36009.82,36326.844,
2814,35875.55,35590.816,
2815,35789.77,35812.824,
2816,35914.902,36599.535,
2817,35813.86,36195.77,
2818,35768.78,36023.848,
2819,36035.56,37149.805,
2820,36233.75,37410.445,
2821,36201.3,37040.258,
2822,36275.53,37232.89,
2823,36337.42,37337.82,
2824,36316.17,37121.547,
2825,36525.7,37603.113,
2826,36562.242,37661.17,
2827,36505.97,36749.023,
2828,36569.38,36925.34,
2829,36558.94,37220.766,
2830,36568.94,36870.01,
2831,36505.62,36064.656,
2832,36410.61,35934.953,
2833,36576.5,37183.355,
2834,36862.64,38172.94,
2835,36793.14,37295.082,
2836,36712.59,36529.668,
2837,36740.32,36639.777,
2838,36556.11,36041.727,
2839,36702.758,36855.535,
2840,36779.61,37701.22,
2841,36801.57,37662.223,
2842,36909.93,38001.105,
2843,37022.83,38118.953,
2844,37142.293,38295.94,
2845,37228.45,38368.133,
2846,37085.55,37205.156,
2847,37263.52,37501.7,
2848,37260.41,38155.418,
2849,37360.24,38286.98,
2850,37531.23,38573.547,
2851,37458.83,37643.555,
2852,37306.38,36660.81,
2853,37325.64,36969.38,
2854,37393.582,37876.96,
2855,37385.492,37345.74,
2856,37370.84,36845.402,
2857,37300.2,36767.766,
2858,37443.36,37935.27,
2859,37369.66,37227.902,
2860,37304.64,36839.95,
2861,37363.45,37098.793,
2862,37292.57,36669.383,
2863,37421.63,37189.855,
2864,37445.37,37984.625,
2865,37508.2,38045.707,
2866,37541.39,38104.773,
2867,37547.242,38144.973,
2868,37577.08,37788.65,
2869,37475.34,36598.84,
2870,37463.86,36951.8,
2871,37506.52,37685.24,
2872,37471.508,37122.64,
2873,37449.25,36514.64,
2874,37396.348,36281.74,
2875,37388.69,36752.92,
2876,37451.73,37701.17,
2877,37497.81,37926.13,
2878,37440.5,37125.42,
2879,37382.25,36834.758,
